order_id,product_name,category,quantity,unit_price
ORD001,Laptop,Electronics,1,55000
ORD001,Mouse,Accessories,2,1200
ORD002,Smartphone,Electronics,1,32000
ORD002,Phone Case,Accessories,1,800
ORD003,Keyboard,Accessories,1,1800
ORD004,Monitor,Electronics,1,15000
ORD004,HDMI Cable,Accessories,2,600
ORD005,Headphones,Electronics,1,2500
ORD006,Tablet,Electronics,1,22000
ORD006,Stylus,Accessories,1,1500
ORD007,Smartwatch,Electronics,1,8500
ORD008,Printer,Electronics,1,12500
ORD009,Keyboard,Accessories,2,1800
ORD010,Webcam,Electronics,1,4500
ORD011,External SSD,Storage,1,7000
ORD012,Laptop Bag,Accessories,1,2500
